{
	"credit": "Made with Blockbench",
	"textures": {
		"0": "block/psm em",
		"particle": "block/psm em"
	},
	"elements": [
		{
			"from": [6.5, 0, -2],
			"to": [11.5, 0, 3],
			"rotation": {"angle": -22.5, "axis": "y", "origin": [0, 0, 0]},
			"faces": {
				"north": {"uv": [0, 0, 5, 0], "texture": "#0"},
				"east": {"uv": [0, 0, 5, 0], "texture": "#0"},
				"south": {"uv": [0, 0, 5, 0], "texture": "#0"},
				"west": {"uv": [0, 0, 5, 0], "texture": "#0"},
				"up": {"uv": [9.65333, 9.49333, 14.06667, 13.96], "rotation": 180, "texture": "#0"},
				"down": {"uv": [9.6, 9.44, 14.17333, 14.01333], "texture": "#0"}
			}
		},
		{
			"from": [1, 0, 12],
			"to": [6, 0, 17],
			"rotation": {"angle": 22.5, "axis": "y", "origin": [0, 0, 0]},
			"faces": {
				"north": {"uv": [0, 0, 5, 0], "texture": "#0"},
				"east": {"uv": [0, 0, 5, 0], "texture": "#0"},
				"south": {"uv": [0, 0, 5, 0], "texture": "#0"},
				"west": {"uv": [0, 0, 5, 0], "texture": "#0"},
				"up": {"uv": [9.65333, 9.49333, 14.06667, 13.96], "texture": "#0"},
				"down": {"uv": [9.6, 9.44, 14.17333, 14.01333], "rotation": 180, "texture": "#0"}
			}
		},
		{
			"from": [6, 0, 4],
			"to": [11, 8, 4],
			"faces": {
				"north": {"uv": [0.8533, 0, 3.8533, 5.68], "texture": "#0"},
				"east": {"uv": [0, 0, 0, 6], "texture": "#0"},
				"south": {"uv": [0.85333, 0, 3.85333, 5.68], "texture": "#0"},
				"west": {"uv": [0, 0, 0, 6], "texture": "#0"},
				"up": {"uv": [0, 0, 3, 0], "texture": "#0"},
				"down": {"uv": [0, 0, 3, 0], "texture": "#0"}
			}
		},
		{
			"from": [8.5, 0, 1.5],
			"to": [8.5, 8, 6.5],
			"faces": {
				"north": {"uv": [0, 0, 0, 6], "texture": "#0"},
				"east": {"uv": [0.8533, 0, 3.8533, 5.68], "texture": "#0"},
				"south": {"uv": [0, 0, 0, 6], "texture": "#0"},
				"west": {"uv": [0.85333, 0, 3.85333, 5.68], "texture": "#0"},
				"up": {"uv": [0, 0, 3, 0], "rotation": 90, "texture": "#0"},
				"down": {"uv": [0, 0, 3, 0], "rotation": 270, "texture": "#0"}
			}
		},
		{
			"from": [5, 0, 5.5],
			"to": [7, 3, 5.5],
			"faces": {
				"north": {"uv": [8.85333, 2.45333, 10.85333, 5.77333], "texture": "#0"},
				"east": {"uv": [0, 0, 0, 3], "texture": "#0"},
				"south": {"uv": [8.8533, 2.4533, 10.8533, 5.7733], "texture": "#0"},
				"west": {"uv": [0, 0, 0, 3], "texture": "#0"},
				"up": {"uv": [0, 0, 2, 0], "texture": "#0"},
				"down": {"uv": [0, 0, 2, 0], "texture": "#0"}
			}
		},
		{
			"from": [6, 0, 4.5],
			"to": [6, 3, 6.5],
			"faces": {
				"north": {"uv": [0, 0, 0, 3], "texture": "#0"},
				"east": {"uv": [8.8533, 2.4533, 10.8533, 5.7733], "texture": "#0"},
				"south": {"uv": [0, 0, 0, 3], "texture": "#0"},
				"west": {"uv": [8.85333, 2.45333, 10.85333, 5.77333], "texture": "#0"},
				"up": {"uv": [0, 0, 2, 0], "rotation": 270, "texture": "#0"},
				"down": {"uv": [0, 0, 2, 0], "rotation": 90, "texture": "#0"}
			}
		},
		{
			"from": [6, 0, 12],
			"to": [11, 8, 12],
			"faces": {
				"north": {"uv": [4.5867, 0, 8.7334, 5.4933], "texture": "#0"},
				"east": {"uv": [0, 0, 0, 8], "texture": "#0"},
				"south": {"uv": [4.58667, 0, 8.73333, 5.49333], "texture": "#0"},
				"west": {"uv": [0, 0, 0, 8], "texture": "#0"},
				"up": {"uv": [0, 0, 5, 0], "texture": "#0"},
				"down": {"uv": [0, 0, 5, 0], "texture": "#0"}
			}
		},
		{
			"from": [8.4, 0, 9.4],
			"to": [8.4, 8, 14.4],
			"faces": {
				"north": {"uv": [0, 0, 0, 8], "texture": "#0"},
				"east": {"uv": [4.58667, 0, 8.73333, 5.49333], "texture": "#0"},
				"south": {"uv": [0, 0, 0, 8], "texture": "#0"},
				"west": {"uv": [4.5867, 0, 8.7334, 5.4933], "texture": "#0"},
				"up": {"uv": [0, 0, 5, 0], "rotation": 270, "texture": "#0"},
				"down": {"uv": [0, 0, 5, 0], "rotation": 90, "texture": "#0"}
			}
		}
	],
	"display": {
		"thirdperson_righthand": {
			"translation": [0, 4, 0],
			"scale": [0.5, 0.5, 0.5]
		},
		"thirdperson_lefthand": {
			"translation": [0, 4, 0],
			"scale": [0.5, 0.5, 0.5]
		},
		"firstperson_righthand": {
			"translation": [0, 6, 0]
		},
		"firstperson_lefthand": {
			"translation": [0, 6, 0]
		},
		"ground": {
			"translation": [0, 5.5, 0]
		},
		"fixed": {
			"rotation": [-90, 0, 0],
			"translation": [0, 0, -14],
			"scale": [2, 2, 2]
		}
	}
}